INSERT OR IGNORE INTO environments (name) VALUES  ('development');
INSERT OR IGNORE INTO environments (name) VALUES ('preproduction');

INSERT OR IGNORE INTO builds (environment, timestamp, duration, status, extra) VALUES
  ('development', unixepoch() + 1, 120.5, 'success', 'Alice'),
  ('development', unixepoch() + 2, 90.2, 'fail', 'Bob'),
  ('development', unixepoch() + 3, NULL, 'pending', 'Charlie'),
  ('development', unixepoch() + 4, 150.3, 'success', 'Alice'),
  ('development', unixepoch() + 5, 75.4, 'fail', 'Bob'),
  ('development', unixepoch() + 6, NULL, 'pending', 'Charlie'),
  ('development', unixepoch() + 7, 180.2, 'success', 'Alice'),
  ('development', unixepoch() + 8, 100.1, 'fail', 'Bob'),
  ('development', unixepoch() + 9, NULL, 'pending', 'Charlie'),
  ('development', unixepoch() + 10, 210.4, 'success', 'Alice'),
  ('development', unixepoch() + 11, 120.5, 'fail', 'Bob'),
  ('development', unixepoch() + 12, NULL, 'pending', 'Charlie'),
  ('development', unixepoch() + 13, 60.1, 'success', 'Alice, Bob'),
  ('development', unixepoch() + 14, 150.3, 'fail', 'Charlie'),
  ('development', unixepoch() + 15, NULL, 'pending', 'Alice'),
  ('development', unixepoch() + 16, 45.6, 'success', 'Bob'),
  ('development', unixepoch() + 17, 180.2, 'fail', 'Charlie'),
  ('development', unixepoch() + 18, NULL, 'pending', 'Alice'),
  ('development', unixepoch() + 19, 30.8, 'success', 'Bob'),
  ('development', unixepoch() + 20, 210.4, 'locked', 'Charlie'),
  ('preproduction', unixepoch() + 1, NULL, 'pending', 'David'),
  ('preproduction', unixepoch() + 2, 90.2, 'success', 'Eve'),
  ('preproduction', unixepoch() + 3, 60.1, 'fail', 'Frank'),
  ('preproduction', unixepoch() + 4, NULL, 'pending', 'David'),
  ('preproduction', unixepoch() + 5, 75.4, 'success', 'Eve'),
  ('preproduction', unixepoch() + 6, 45.6, 'fail', 'Frank'),
  ('preproduction', unixepoch() + 8, NULL, 'pending', 'David'),
  ('preproduction', unixepoch() + 9, 100.1, 'success', 'Eve'),
  ('preproduction', unixepoch() + 10, 30.8, 'fail', 'Frank'),
  ('preproduction', unixepoch() + 11, NULL, 'pending', 'David, Eve'),
  ('preproduction', unixepoch() + 12, 120.5, 'success', 'Frank'),
  ('preproduction', unixepoch() + 13, 90.2, 'fail', 'David'),
  ('preproduction', unixepoch() + 14, NULL, 'pending', 'Eve'),
  ('preproduction', unixepoch() + 15, 150.3, 'success', 'Frank'),
  ('preproduction', unixepoch() + 16, 75.4, 'fail', 'David'),
  ('preproduction', unixepoch() + 17, NULL, 'pending', 'Eve'),
  ('preproduction', unixepoch() + 18, 180.2, 'success', 'Frank'),
  ('preproduction', unixepoch() + 19, 100.1, 'fail', 'David'),
  ('preproduction', unixepoch() + 20, NULL, 'pending', 'Eve');

INSERT OR IGNORE INTO activity (timestamp, value, event) VALUES
  (unixepoch() + 1000, 1523, NULL),
  (unixepoch() + 2000, 2789, 'Alice'),
  (unixepoch() + 3000, 3640, NULL),
  (unixepoch() + 4000, 2150, NULL),
  (unixepoch() + 5000, 4235, 'Bob'),
  (unixepoch() + 6000, 1980, NULL),
  (unixepoch() + 7000, 2876, NULL),
  (unixepoch() + 8000, 3125, 'Charlie'),
  (unixepoch() + 9000, 2301, NULL),
  (unixepoch() + 10000, 1450, NULL),
  (unixepoch() + 11000, 3800, 'Alice'),
  (unixepoch() + 12000, 2675, NULL),
  (unixepoch() + 13000, 1999, NULL),
  (unixepoch() + 14000, 4235, 'Bob'),
  (unixepoch() + 15000, 2750, NULL),
  (unixepoch() + 16000, 1600, NULL),
  (unixepoch() + 17000, 4002, 'Charlie'),
  (unixepoch() + 18000, 2890, NULL),
  (unixepoch() + 19000, 3150, NULL),
  (unixepoch() + 20000, 4501, NULL),
  (unixepoch() + 21000, 1200, 'David'),
  (unixepoch() + 22000, 1785, NULL),
  (unixepoch() + 23000, 2450, NULL),
  (unixepoch() + 24000, 3678, 'Eve'),
  (unixepoch() + 25000, 2903, NULL),
  (unixepoch() + 26000, 1504, NULL),
  (unixepoch() + 27000, 2450, 'Frank'),
  (unixepoch() + 28000, 3450, NULL),
  (unixepoch() + 29000, 1988, NULL),
  (unixepoch() + 30000, 2800, NULL),
  (unixepoch() + 31000, 1605, 'David'),
  (unixepoch() + 32000, 2200, NULL),
  (unixepoch() + 33000, 2756, NULL),
  (unixepoch() + 34000, 3120, 'Eve'),
  (unixepoch() + 35000, 2401, NULL),
  (unixepoch() + 36000, 1985, NULL),
  (unixepoch() + 37000, 3500, 'Frank'),
  (unixepoch() + 38000, 2102, NULL),
  (unixepoch() + 39000, 2901, NULL),
  (unixepoch() + 40000, 3003, NULL);

INSERT OR IGNORE INTO statistics (label, value, day) VALUES
  ('Merged Branches', 42, floor(unixepoch() / (24 * 60 * 60))),
  ('Support Messages', 69, floor(unixepoch() / (24 * 60 * 60))),
  ('Tasks Planned', 37, floor(unixepoch() / (24 * 60 * 60)));